<?xml version="1.0" encoding="UTF-8"?>
<project-private xmlns="http://www.netbeans.org/ns/project-private/1">
    <editor-bookmarks xmlns="http://www.netbeans.org/ns/editor-bookmarks/2" lastBookmarkId="0"/>
    <open-files xmlns="http://www.netbeans.org/ns/projectui-open-files/2">
        <group>
            <file>file:/C:/Users/user/Desktop/Madhu/My%20documents/Campus/3rd%20year/Group%20project/Project%20development/Jewelry_Shop_Management_System/src/com/raven/component/Panelcover.java</file>
            <file>file:/C:/Users/user/Desktop/Madhu/My%20documents/Campus/3rd%20year/Group%20project/Project%20development/Jewelry_Shop_Management_System/src/com/raven/component/Dashboard.java</file>
        </group>
    </open-files>
</project-private>
